product_upc,item_number,item_description,case_upc,case_pack,department,supplier
5100001261,10822981,Jovial Laughing Brattain,,48.0,1,Campbells Soup Co
8000000672,10510746,Flamboyant Practical Curran,,48.0,1,Starkist Co
8660000020,10515021,Friendly Objective Bartik,,48.0,1,Bumble Bee Seafoods Llc
4119006847,10210346,Reverent Wonderful Goldstine,,10.0,1,United Sugars Corp
1600012254,10103971,Dazzling Naughty Davinci,,12.0,1,General Mills
4119008105,10220039,Epic Silly Montalcini,,12.0,1,Bay Valley Foods
4119006773,11384562,Elegant Hardcore Raman,,12.0,1,Cott Beverages Usa
4119006765,11384148,Agitated Zen Kirch,,12.0,1,Cott Beverages Usa
4119006582,11370089,Cranky Nervous Swartz,,6.0,1,Crossroads Beverage Corp
4119006769,11384075,Naughty Nifty Ramanujan,,12.0,1,Cott Beverages Usa
4119006762,11384059,Cocky Pedantic Swirles,,12.0,1,Cott Beverages Usa
4119006767,11384130,Nervous Vigorous Kilby,,12.0,1,Cott Beverages Usa
2400032200,10830196,Naughty Peaceful Wescoff,,24.0,1,Del Monte Usa -Consumer
7764481615,10664016,Festive Upbeat Mcclintock,,12.0,1,Lidestri Foods Inc
5100022463,10830764,Angry Keen Babbage,,12.0,1,Campbells Soup Co
4119691084,10823775,Hopeful Zealous Northcutt,,12.0,1,General Mills
1600010610,10173667,Admiring Affectionate Lichterman,1600012610,8.0,1,General Mills
1600020711,10160059,Angry Pensive Swirles,,12.0,1,General Mills
7294075812,10720074,Loving Quirky Lamport,,12.0,1,Red Gold Inc
4119008515,11290082,Keen Peaceful Hodgkin,,36.0,1,Irving Tissue Inc
64420930749,10161660,Adoring Hungry Jepsen,,12.0,1,Conagra Grocery Products Co
5100001541,10824624,Elated Peaceful Hopper,5100024613,12.0,1,Campbells Soup Co
4119613308,10820079,Compassionate Festive Noyce,,12.0,1,General Mills
3915311046,10652475,Amazing Wizardly Fermat,,20.0,1,Colavita Usa
31254778135,10652475,Amazing Wizardly Fermat,,20.0,,Colavita Usa
2700044212,10420276,Sharp Vigilant Tereshkova,,24.0,1,Conagra Grocery Products Co
5100019880,10830421,Adoring Compassionate Euler,,8.0,1,Campbells Soup Co
3620021922,10661903,Epic Practical Cori,3620043057,6.0,1,Mizkan America Medina Whse
5100021449,10830675,Dreamy Mystifying Elion,,12.0,1,Campbells Soup Co
4150153724,10410029,Relaxed Wonderful Haibt,,12.0,1,B & G Foods Inc
1600017384,10243161,Fervent Relaxed Chaplygin,,3.0,1,General Mills
1030054325,10061658,Eloquent Modest Mestorf,,12.0,1,Flagstone Foods
7572000082,11372395,Hopeful Practical Hamilton,,4.0,1,Bluetriton Brands Inc
3040079498,11290247,Condescending Flamboyant Knuth,3040079499,6.0,1,Fort James Corp
2780006356,10180017,Objective Practical Shirley,,12.0,1,Ferrero Usa Inc
1480031816,10110334,Objective Romantic Fermat,,4.0,1,Dr Pepper Snapple Group
4119008938,10040256,Ecstatic Reverent Poitras,,12.0,1,Basic Foods Inc
5000042994,11243944,Peaceful Tender Borg,,24.0,1,Nestle/Purina
4223830005,10015526,Condescending Zen Minsky,4223830004,10.0,1,Haribo
4119674074,10825133,Keen Silly Archimedes,,12.0,1,General Mills
61300871781,10130473,Agitated Goofy Chebyshev,61300871780,4.0,1,Arizona Beverages
2700038143,10570445,Compassionate Keen Wright,,12.0,1,Conagra Grocery Products Co
4157006837,10113235,Modest Optimistic Poitras,4157007162,12.0,1,Blue Diamond Growers
4150880310,11382586,Epic Kind Swartz,,24.0,1,Nestle Usa Inc
3120020157,10122145,Cranky Romantic Ptolemy,,8.0,1,Ocean Spray
4119008375,11370090,Inspiring Vigilant Shaw,4119009238,6.0,1,Crossroads Beverage Corp
73052151754,11253410,Jolly Sad Goldberg,73052192632,12.0,1,Smuckers
4119006820,10170164,Blissful Hopeful Curran,,8.0,1,Ardent Mills Llc
4119006585,11372353,Agitated Practical Euler,,1.0,1,Niagara Bottling
4030003323,10174354,Cocky Keen Aryabhata,4030003333,8.0,1,Uhlmann Milling
5100012327,10820785,Dreamy Hungry Hopper,5100015257,12.0,1,Campbells Soup Co
2850010245,10183256,Friendly Nervous Murdock,,8.0,1,Knouse Foods
4119210053,10100189,Awesome Serene Kilby,4119210052,12.0,1,Wk Kellogg Sales Llc
3890002900,10787199,Gracious Silly Pare,,6.0,1,Dole Processed Foods
88491211650,10101717,Condescending Naughty Khorana,88491200236,12.0,1,Post Foods Llc
3600055699,11290158,Fervent Hopeful Keldysh,,6.0,1,Kimberly Clark 2Hr Unld.
3010011176,10031629,Confident Objective Elion,3010011175,12.0,1,Kellogg Sales Co
3000016912,10242050,Amazing Stupefied Jackson,,12.0,1,Quaker Oats
4119006826,10170067,Blissful Gracious Swirles,,8.0,1,Ardent Mills Llc
3077212073,11150143,Eager Heuristic Lewin,,4.0,1,P&G-2Hr Unld
4119005584,10123727,Angry Gifted Fermat,,8.0,1,Clement Pappas
4119008831,10100207,Clever Dazzling Meninsky,,14.0,1,Post Foods Llc
7092047909,10300013,Jovial Keen Brown,,8.0,1,Conagra Grocery Products Co
2970000114,10706410,Elastic Zen Borg,,12.0,1,Idaho Fresh Pak
3120002822,10123345,Kind Lucid Brahmagupta,3120022822,8.0,1,Ocean Spray
5964274131,11640097,Affectionate Gifted Banach,5964274543,24.0,1,Charms
4157005278,10035160,Relaxed Vigilant Mendeleev,,12.0,1,Blue Diamond Growers
7185902811,11264013,Angry Kind Bhaskara,71859028119,6.0,1,Kay Tee Products
4119007998,10230051,Hardcore Stoic Pare,,12.0,1,Prana Imports Inc
4650072373,11010278,Epic Stupefied Hoover,4650002667,6.0,1,Sc Johnson
4920005175,10210134,Ecstatic Musing Elion,,12.0,1,American Sugar Refining Inc
5100022065,10442668,Jolly Sleepy Golick,,6.0,1,Campbells Soup Co
7252106010,11381417,Cocky Laughing Volhard,6150026010,2.0,1,Cott Beverages Usa
3700099035,11020016,Friendly Lucid Lalande,,3.0,1,P&G-2Hr Unld
3770034080,11300042,Elegant Kind Chaplygin,,6.0,1,Huhtamaki Foodservice
4119007255,10061755,Hardcore Naughty Kalam,,12.0,1,Flagstone Foods
4119007231,10790697,Eager Stoic Curran,,24.0,1,Sun-Maid Growers Of Ca
4000053372,11644881,Blissful Competent Goodall,4000053412,24.0,1,Mars Snackfood Us Llc
4119007436,10741907,Affectionate Suspicious Mirzakhani,,12.0,1,Prana Imports Inc
1114110029,10273564,Mystifying Suspicious Knuth,1114110027,6.0,1,Eight O'Clock Coffee
3077206162,11110046,Cranky Festive Feynman,,6.0,1,P&G-2Hr Unld
2106500040,10380001,Distracted Pensive Einstein,,6.0,1,Master Sales Company
1600020039,10240119,Infallible Xenodochial Swartz,,8.0,1,General Mills
4000059967,10240119,Infallible Xenodochial Swartz,,8.0,,General Mills
4119008548,10180032,Angry Silly Kapitsa,,12.0,1,Seneca Foods
1330060685,10180060,Confident Heuristic Bohr,,,,None
4144940252,10160397,Brave Zealous Boyd,,12.0,1,Continental Mills
4144930013,10160703,Elegant Loving Khorana,,12.0,1,Continental Mills
85005269909,10040303,Condescending Upbeat Chebyshev,85005269910,12.0,1,Jacksons Food Co
85657900292,11380099,Peaceful Thirsty Feynman,,3.0,1,Spindrift
7478026033,11380165,Jovial Thirsty Bhaskara,,1.0,1,Nestle Usa Inc
4200035503,11290224,Compassionate Confident Fermi,4200035508,8.0,1,Fort James Corp
5000096266,11245679,Eloquent Infallible Roentgen,5000096267,24.0,1,Nestle/Purina
2310002452,11251743,Epic Stoic Rosalind,,24.0,1,Mars Petcare Us Inc
4133112426,10760155,Boring Dazzling Einstein,,24.0,1,Goya Foods
3000057051,10221274,Modest Nifty Lovelace,,12.0,1,Quaker Oats
61300871019,10131005,Admiring Loving Northcutt,61300871017,4.0,1,Arizona Beverages
4144947154,10160021,Practical Tender Chebyshev,,12.0,1,Continental Mills
4119006586,11370636,Objective Stoic Lamport,,1.0,1,Niagara Bottling
3600054312,11290023,Objective Wizardly Perlman,,6.0,1,Kimberly Clark 2Hr Unld.
3700050960,11151692,Dreamy Elated Elbakyan,3700093123,4.0,1,P&G-2Hr Unld
5000057216,11241887,Amazing Friendly Dijkstra,5000057217,24.0,1,Nestle/Purina
3700080704,11110727,Brave Festive Johnson,3700090802,6.0,1,P&G-2Hr Unld
4119008312,11120048,Dazzling Keen Pike,,12.0,1,Davion Inc
3500014108,11121045,Upbeat Zen Bose,3500014177,18.0,1,Colgate Palmolive
5100016888,10831053,Eager Fervent Raman,,8.0,1,Campbells Soup Co
4119007185,10934429,Eager Elegant Ritchie,,16.0,1,Pbc Nutritionals Inc
4145703705,10934429,Eager Elegant Ritchie,,16.0,,Pbc Nutritionals Inc
5100021242,10822965,Condescending Jolly Jang,,12.0,1,Campbells Soup Co
7294074003,10723967,Distracted Dreamy Mahavira,,12.0,1,Red Gold Inc
4119007440,10741664,Adoring Naughty Johnson,,4.0,1,Prana Imports Inc
3027103407,10660355,Optimistic Quizzical Edison,,12.0,1,B & G Foods Inc
3620000217,10660779,Clever Pensive Roentgen,,12.0,1,Mizkan America Medina Whse
4119006946,10660981,Angry Pedantic Shtern,,6.0,1,Giovanni Food Co Inc
4119008235,10560004,Confident Nostalgic Goldberg,,9.0,1,Sugar Foods Corp
2700044193,10420365,Jolly Nifty Dubinsky,2700044201,12.0,1,Conagra Grocery Products Co
65272971004,10440065,Hopeful Pedantic Kepler,,12.0,1,Eagle Family Foods Group
2100005783,10440276,Distracted Heuristic Jang,,1.0,1,Kraft Foods
2550030407,10270036,Suspicious Upbeat Feynman,,6.0,1,Smuckers
61124736764,10270948,Awesome Quizzical Bassi,,4.0,1,Green Mountain Coffee Roasters
61124736766,10271245,Clever Hardcore Kilby,,4.0,1,Green Mountain Coffee Roasters
3400039992,10016776,Angry Sharp Borg,,8.0,1,Hershey Chocolate
4119006588,11371519,Admiring Heuristic Spence,,1.0,1,Niagara Bottling
1370082410,11323883,Cocky Lucid Mestorf,1370081212,9.0,1,Pactiv
1370057150,11330012,Blissful Clever Jones,,6.0,1,Pactiv
4119008653,11330020,Focused Objective Benz,,6.0,1,Trinity Packaging
4119008888,11330039,Quirky Zealous Heisenberg,,12.0,1,Ajm Packaging Corp.
3390002102,11330039,Quirky Zealous Heisenberg,,12.0,,Ajm Packaging Corp.
2310012176,11252210,Compassionate Eloquent Benz,,1.0,1,Mars Petcare Us Inc
3077211809,11140016,Angry Epic Sammet,,4.0,1,P&G-2Hr Unld
7261347335,11150132,Cocky Vigorous Curie,,4.0,1,The Dial Corporation
4119007741,11040003,Elastic Eloquent Swirles,,9.0,1,Rga Enterprises Inc
3700083063,11091915,Determined Jolly Goldstine,3700083148,4.0,1,P&G-2Hr Unld
4460032485,11092034,Modest Nostalgic Hopper,,6.0,1,Clorox
1920078914,11095600,Gifted Reverent Meninsky,,12.0,1,Reckitt Benckiser Inc
7040400008,10621717,Focused Optimistic Borg,,12.0,1,Pompeian Oil
4148600027,10650042,Compassionate Hopeful Raman,,20.0,1,Luigi Vitelli
4119006654,10650910,Fervent Serene Carson,,12.0,1,Winland Foods Inc
4119008243,10490009,Keen Sad Bell,,12.0,1,Bay Valley Foods
4119008359,10490036,Awesome Objective Northcutt,,12.0,1,Bell-Carter Olive
8000051308,10510047,Cranky Friendly Pare,,24.0,1,Starkist Co
2100004720,10410056,Practical Vigorous Shockley,,12.0,1,Kraft Foods
7287843483,10410239,Ecstatic Sleepy Noyce,7287843864,12.0,1,Hormel
3900001567,10410849,Adoring Pedantic Ardinghelli,,12.0,1,B & G Foods Inc
1330055501,10181872,Jolly Suspicious Albattani,,8.0,1,Hometown Food Co
7172087000,10014407,Brave Distracted Ritchie,,12.0,1,Tootsie Roll Inc
4119006730,10014407,Brave Distracted Ritchie,,12.0,,Tootsie Roll Inc
4023,30242910,Adoring Trusting Lalande,,18.0,3,Chiquita Tropical Proucts
4053,30246300,Gifted Keen Bartik,,115.0,3,Ch Robinson
4022,30242460,Blissful Silly Turing,,18.0,3,A J Produce Corp
81652601000,30242460,Blissful Silly Turing,,18.0,,A J Produce Corp
4080,30254800,Elated Friendly Agnesi,,11.0,3,Jd Piedimonte & Sons
4240,30242110,Confident Loving Shannon,,12.0,3,Westlake Distributors Inc
4225,30246610,Quirky Zen Lichterman,,48.0,3,Mama Mia Produce Llc
3283,30233890,Hardcore Kind Blackwell,,40.0,3,Pavero Cold Storage
4062,30266580,Elated Fervent Euclid,,65.0,3,Grower Network Llc
4664,30251590,Friendly Practical Pare,,11.0,3,Grimmway Farms
68925900572,30277450,Elastic Heuristic Kapitsa,,10.0,3,Nature Fresh Farms Sales Inc
94011,30278720,Jovial Nifty Mccarthy,,40.0,3,Chiquita Banana Inc
9845,30241910,Practical Wizardly Bhabha,,8.0,3,New York Produce
4054,30242200,Inspiring Zealous Wescoff,,12.0,3,Naturipe Farms Llc
4050,30240120,Brave Xenodochial Feynman,,9.0,3,Westlake Distributors Inc
4593,30251210,Naughty Trusting Babbage,,12.0,3,Mid-Atlantic Distributors
4088,30252880,Adoring Determined Almeida,,15.0,3,Natural Selection Foods
3440,30248410,Confident Dazzling Wozniak,824150122227,22.0,3,Pom Wonderful
81318701033,30240310,Determined Naughty Austin,,12.0,3,Westlake Distributors Inc
4051,30247080,Amazing Goofy Clarke,,12.0,3,New York Produce
9101,30254000,Dazzling Serene Lumiere,,48.0,3,Grimmway Farms
9541,30251150,Nifty Quizzical Payne,,8.0,3,Mama Mia Produce Llc
3338365162,30250400,Elated Sad Dijkstra,,12.0,3,Dynasty Farms Headquarters
94068,30277520,Silly Unruffled Hodgkin,,48.0,3,Garden State Farm
4119007645,30268250,Eloquent Sharp Darwin,,15.0,3,Garden State Farm
3120090004,30287320,Heuristic Sleepy Goodall,,24.0,3,David Oppenheimer
4093,30235580,Naughty Zen Elbakyan,,25.0,3,A J Produce Corp
75166677155,30248820,Flamboyant Objective Haibt,,15.0,3,Ns Brands Limited
74069565355,30258320,Agitated Angry Brattain,,24.0,3,Dynasty Farms Headquarters
4119007636,30700500,Hardcore Inspiring Proskuriakova,,10.0,3,Earthfresh Llc
4119007648,30269630,Relaxed Wizardly Fermi,,30.0,3,Grimmway Farms
4782,30255400,Dazzling Modest Clarke,,18.0,3,Westlake Distributors Inc
85739400610,30254450,Sleepy Vibrant Carson,,8.0,3,Little Leaf Farms Llc
4238,30261970,Modest Nervous Meninsky,,65.0,3,Chiquita Banana Inc
4067,30255360,Focused Quizzical Shaw,,21.0,3,Westlake Distributors Inc
4235,30261940,Gallant Jovial Kepler,,65.0,3,New York Produce
4061,30250090,Musing Relaxed Meitner,,24.0,3,Grimmway Farms
9511,30242010,Condescending Flamboyant Bell,,12.0,3,Procacci Direct Sales
4119007649,30269640,Stupefied Zen Lalande,,15.0,3,Grimmway Farms
7127912301,30257570,Musing Stupefied Mccarthy,7127911175,12.0,3,Fresh Express Mid-Atl
4078,30303210,Nervous Serene Franklin,,48.0,3,Westlake Distributors Inc
4119006637,30285510,Brave Naughty Edison,,6.0,3,Fresh Express Mid-Atl
4119008953,30700690,Reverent Stupefied Saha,,20.0,3,Minkus Family Farms
7127930104,30285390,Laughing Objective Borg,7127949805,6.0,3,Fresh Express Mid-Atl
4799,30251620,Agitated Stoic Wilson,,15.0,3,Village Farms
74447300028,30251620,Agitated Stoic Wilson,,15.0,,Village Farms
80836233043,30252890,Amazing Relaxed Mendeleev,,8.0,3,Mama Mia Produce Llc
94889,30275700,Competent Elastic Torvalds,,30.0,3,Garden State Farm
94901,30274500,Condescending Trusting Bell,,30.0,3,Procacci Bros Sales
7127930919,30285460,Loving Quizzical Vaughan,7127956946,6.0,3,Fresh Express Mid-Atl
4066,30254840,Cocky Heuristic Morse,,26.0,3,Westlake Distributors Inc
5783602064,30304940,Modest Quizzical Goldstine,5783608011,10.0,3,Mastronardi Produce
4119005735,30303860,Infallible Unruffled Euclid,,8.0,3,Veg Pro International Inc
3502,30240780,Gifted Loving Hermann,,19.0,3,Chiquita Tropical Proucts
94891,30265490,Blissful Gracious Mccarthy,7878300468,24.0,3,Grimmway Farms
9475,30232270,Angry Thirsty Khorana,,16.0,3,Bushwick Commision
30573245114,30232270,Angry Thirsty Khorana,,16.0,,Bushwick Commision
4119007608,30285920,Admiring Reverent Hoover,,8.0,3,Ippolito Fruit & Produce Lmt
75166677605,30252520,Affectionate Relaxed Bassi,,9.0,3,Ns Brands Limited
9031,30252440,Jolly Modest Leakey,,6.0,3,Goodness Gardens
93441,30278710,Objective Sad Edison,,35.0,3,Mama Mia Produce Llc
4119008883,30700710,Confident Trusting Ritchie,,12.0,3,Sterman Masser Potato Farms
7127910302,30257450,Angry Determined Ritchie,7127956087,12.0,3,Fresh Express Mid-Atl
4119008621,30245400,Condescending Youthful Golick,,8.0,3,Ippolito Fruit & Produce Lmt
88804800029,30276830,Condescending Nifty Chandrasekhar,,9.0,3,Veg Pro International Inc
4119007622,30700480,Romantic Upbeat Carson,,10.0,3,Earthfresh Llc
4119006646,30286810,Pensive Serene Bassi,,6.0,3,Fresh Express Mid-Atl
94627,30274390,Elastic Wizardly Mendeleev,,24.0,3,Cal Organic
4119005739,30303800,Clever Hopeful Kepler,,6.0,3,Veg Pro International Inc
4119007647,30268420,Cranky Flamboyant Tereshkova,,20.0,3,Garden State Farm
4688,30252560,Goofy Zealous Nobel,,11.0,3,Village Farms
4554,30600070,Condescending Cranky Austin,,25.0,3,Hollar & Greene Produce Co Inc
7127915101,30257790,Condescending Heuristic Pare,7127949311,6.0,3,Fresh Express Mid-Atl
3204521200,30241850,Cocky Reverent Hamilton,,12.0,3,A J Produce Corp
74183900592,30234550,Musing Pedantic Mayer,,9.0,3,Stemilt Growers
4605,30254520,Boring Competent Keller,,24.0,3,Frank Donio
4689,30252660,Keen Sleepy Euclid,,11.0,3,Village Farms
4395,30246850,Vigorous Youthful Bhaskara,,35.0,3,Caraveo Papayas Inc
4427,30247870,Nostalgic Suspicious Easley,,20.0,3,A J Produce Corp
75166695005,30266850,Jolly Trusting Austin,75166695155,15.0,3,Ns Brands Limited
4119006636,30286840,Friendly Inspiring Perlman,,6.0,3,Fresh Express Mid-Atl
94089,30240260,Jovial Kind Brahmagupta,,24.0,3,Garden State Farm
7127926102,30257670,Friendly Pensive Dubinsky,7127949196,6.0,3,Fresh Express Mid-Atl
94614,30240540,Modest Suspicious Wing,,24.0,3,Cal Organic
75166610305,30248830,Admiring Determined Stallman,,15.0,3,Ns Brands Limited
4065,30252700,Friendly Hungry Hodgkin,,22.0,3,Westlake Distributors Inc
5783693014,30221850,Friendly Modest Panini,5783642507,12.0,3,Mastronardi Produce
94899,30274850,Goofy Silly Nobel,,30.0,3,Procacci Bros Sales
3093,30242660,Eloquent Silly Wescoff,,16.0,3,Ch Robinson
7127930922,30285320,Elegant Romantic Wright,7127957086,6.0,3,Fresh Express Mid-Atl
5783600001,30260200,Amazing Flamboyant Ramanujan,,4.0,3,Mastronardi Produce
7127930100,30257880,Gracious Hungry Clarke,7127957158,6.0,3,Fresh Express Mid-Atl
5114137289,30257880,Gracious Hungry Clarke,7127957158,6.0,,Fresh Express Mid-Atl
4119007095,30230060,Ecstatic Happy Yonath,,10.0,3,Garden State Farm
94615,30251040,Gifted Relaxed Davinci,,12.0,3,Cal Organic
76317194063,30252770,Cranky Naughty Jang,,6.0,3,Alderman Farms Sales Corp
4119007139,30286220,Cocky Condescending Chebyshev,,12.0,3,Grimmway Farms
94629,30275500,Sad Stoic Spence,,12.0,3,Four Seasons Produce
4119008070,30269870,Infallible Laughing Sammet,,6.0,3,Taylor Farms
7049216500,30265640,Competent Hopeful Brahmagupta,,12.0,3,Temp-Jsl Foods
3121,30252630,Elastic Kind Goldberg,,11.0,3,Village Farms
81642601286,30242980,Heuristic Hungry Clarke,81642601649,10.0,3,Divine Flavor Llc
4119007580,30269160,Romantic Vibrant Yalow,,6.0,3,Taylor Farms
94587,30271020,Sleepy Zealous Snyder,,12.0,3,Cal Organic
9709,30236730,Awesome Nifty Turing,,8.0,3,Westlake Distributors Inc
85739400624,30290880,Competent Fervent Nightingale,857394006244,8.0,3,Little Leaf Farms Llc
75576300475,30269230,Adoring Epic Engelbart,,6.0,3,Makoto Dressing Inc
4085,30256100,Frosty Happy Yalow,9999961217,5.0,3,Giorgio Fresh Co Attn:Acct Rec
89520300117,30508080,Eager Gracious Brattain,,6.0,3,Baldor Specialty Foods
4030,30247500,Hardcore Inspiring Bardeen,,90.0,3,Procacci Direct Sales
4119007569,30700360,Festive Wizardly Engelbart,,6.0,3,Miami Agro Import Inc
4119007082,30286120,Distracted Quizzical Ride,,3.0,3,Soil Organic Inc
7146426040,30270190,Sad Stoic Almeida,7146426440,6.0,3,Wm Bolthouse Farms Inc
4119007575,30269210,Agitated Vibrant Keller,,6.0,3,Taylor Farms
4119008225,30700580,Admiring Gracious Joliot,,6.0,3,Sterman Masser Potato Farms
4119009017,30288850,Adoring Nervous Lewin,,8.0,3,Veg Pro International Inc
7127923201,30258380,Awesome Trusting Lamport,7127956318,6.0,3,Fresh Express Mid-Atl
7127930207,30258470,Clever Festive Chaplygin,7127957227,6.0,3,Fresh Express Mid-Atl
4119005737,30303820,Epic Tender Mcnulty,,8.0,3,Veg Pro International Inc
72534141113,30279500,Brave Peaceful Mendeleev,,6.0,3,Orchid Island Juice Co
94586,30275270,Eloquent Jolly Williams,,12.0,3,Cal Organic
2198510037,30252450,Dreamy Kind Bohr,,6.0,3,Goodness Gardens
3077212145,30252450,Dreamy Kind Bohr,,6.0,,Goodness Gardens
3111,30246950,Elegant Friendly Booth,,9.0,3,New Limeco Llc
4119008069,30269830,Eager Thirsty Einstein,,6.0,3,Taylor Farms
61112312000,30252330,Sad Vigorous Chandrasekhar,,6.0,3,B & W Quality Growers
3022306195,30508040,Blissful Gallant Tereshkova,3022307703,6.0,3,Taylor Farms
4889,30262850,Naughty Upbeat Meninsky,,60.0,3,Frank Donio
3423,30251840,Amazing Goofy Colden,,10.0,3,Mastronardi Produce
94017,30279920,Lucid Priceless Jang,,27.0,3,Garden State Farm Xdock
71575620011,30277180,Condescending Wonderful Almeida,,8.0,3,Driscoll Strawberry
4759,30255460,Infallible Lucid Albattani,,40.0,3,Greenpoint Distributing Llc
4812,30255850,Flamboyant Sad Allen,,20.0,3,Frank Donio
4032,30239960,Jovial Mystifying Montalcini,,1.0,3,Garden State Farm
94593,30278860,Flamboyant Wizardly Lovelace,,12.0,3,Procacci Direct Sales
71631055134,30500103,Eager Modest Pike,,6.0,3,Garden State Farm Xdock
4709,30252920,Awesome Vibrant Bell,,5.0,3,New York Produce
3134,30248500,Goofy Serene Lamport,,10.0,3,Frank Donio
4735,30248560,Admiring Nervous Shtern,,50.0,3,Dan Schantz Farms
4771,30246790,Gifted Keen Bassi,,28.0,3,New York Produce
4020,30234210,Awesome Musing Noyce,,27.0,3,Stemilt Growers
4130,30234410,Inspiring Tender Aryabhata,,27.0,3,Stemilt Growers
81162002063,30234410,Inspiring Tender Aryabhata,,27.0,,Stemilt Growers
3022306253,30304590,Blissful Wizardly Montalcini,3022308491,6.0,3,Taylor Farms
7127925105,30286900,Frosty Goofy Noether,7127957254,6.0,3,Fresh Express Mid-Atl
94046,30277980,Blissful Vigilant Shtern,,48.0,3,Natural Selection Foods
4119047148,30274670,Cranky Elated Bohr,,9.0,3,Mayer Brothers Apple Products
4899,30256680,Nervous Romantic Colden,,30.0,3,Grimmway Farms
4891,30256750,Adoring Optimistic Easley,,24.0,3,Fresh Wave Llc
4629,30256780,Dreamy Flamboyant Bose,,12.0,3,Grimmway Farms
4901,30256860,Flamboyant Modest Borg,,60.0,3,A J Produce Corp
4523,30254690,Inspiring Silly Pare,,11.0,3,Jd Piedimonte & Sons
4068,30252290,Naughty Stoic Pasteur,,48.0,3,New York Produce
88804800027,30250140,Awesome Optimistic Hamilton,,9.0,3,Veg Pro International Inc
4428,30247910,Pedantic Relaxed Hopper,,22.0,3,Couture Farms
4119007661,30246480,Eager Optimistic Feynman,,6.0,3,Mid-Atlantic Distributors
3127,30248380,Elated Frosty Kapitsa,82415012230,30.0,3,Pom Wonderful
5310074887,30248380,Elated Frosty Kapitsa,82415012230,30.0,,Pom Wonderful
3100010101,65221106,Compassionate Wizardly Murdock,,24.0,6,Con Agra Frozen Foods
86001228258,65123324,Laughing Quirky Lamarr,,,,None
86001228250,65123332,Pensive Unruffled Zhukovsky,,,,None
86922800030,65050018,Boring Happy Banach,,12.0,6,Damiano'S Fine Foods Llc
1143313655,65206172,Stoic Youthful Einstein,,12.0,6,Deep Foods
2113150111,65250202,Frosty Jovial Swanson,,12.0,6,Con Agra Frozen Foods
4119040738,66120777,Objective Sad Mahavira,,12.0,6,Nortera Foods Usa Inc
1450002283,65042081,Gracious Optimistic Pike,1450001937,9.0,6,Pinnacle
2392326638,66000723,Hopeful Mystifying Benz,,12.0,6,Ethnic Gourmet Foods
2113130101,65220134,Festive Thirsty Mestorf,,12.0,6,Con Agra Frozen Foods
8086800245,66012102,Flamboyant Tender Leavitt,,6.0,6,Dr Praegers Sensible Foods
1787301711,66081787,Modest Optimistic Curran,,8.0,6,Con Agra Frozen Foods
2515500062,65205794,Laughing Modest Williams,,5.0,6,Kraft General-Coolwhp
85001191121,66011562,Happy Infallible Hypatia,,12.0,6,Dot Foods
2840024018,66011562,Happy Infallible Hypatia,,12.0,,Dot Foods
4119041047,65381469,Friendly Practical Villani,,12.0,6,Perfect Bite Co
1450001282,65061205,Competent Loving Agnesi,1450003131,7.0,6,Pinnacle
4256300780,66121058,Amazing Distracted Tereshkova,,12.0,6,United Natural Foods Inc
89353600298,66140434,Keen Serene Nobel,,6.0,6,United Natural Foods Inc
7347200381,66141016,Ecstatic Relaxed Snyder,,12.0,6,United Natural Foods Inc
3100070000,65230155,Clever Thirsty Noether,,4.0,6,Con Agra Frozen Foods
7265555555,65241114,Dazzling Serene Nightingale,,8.0,6,Con Agra Frozen Foods
85001191147,66011334,Confident Practical Pike,,6.0,6,Dot Foods
89353600262,66050304,Eloquent Inspiring Wright,,6.0,6,United Natural Foods Inc
4119041045,65381558,Cranky Goofy Heyrovsky,,12.0,6,Perfect Bite Co
4119041046,65381566,Flamboyant Zen Stallman,,12.0,6,Perfect Bite Co
7120200626,65481609,Eager Quizzical Meitner,,4.0,6,Dole Pkgd. Frozen Foods Inc.
5209200367,96231227,Happy Inspiring Blackwell,5209285437,17.0,9,Handi Foil Corp
885874171104,96006517,Distracted Vibrant Bhaskara,885874171101,10.0,9,Simon Miller Business Papers
85862200351,96820466,Hungry Stoic Wescoff,,48.0,9,Goodco Products Llc
4119025272,96820652,Amazing Nifty Ramanujan,,30.0,9,Royal Oak Enterprises Llc
4878902234,96820741,Epic Vibrant Bell,,24.0,9,Royal Oak Enterprises Llc
88632334625,96880880,Objective Silly Benz,,12.0,9,Tdc Usa Inc
81937901120,96230865,Elegant Wizardly Thompson,,6.0,9,American Foil Inc
7956749002,96132407,Sleepy Trusting Shockley,,12.0,9,Wd-40 Company
2233374312,96883139,Musing Vibrant Brahmagupta,,4.0,9,Proctor Silex Hamilton Beach
4613540755,96110968,Affectionate Pedantic Meninsky,,6.0,9,Ledvance Llc
2233322624,96881836,Dazzling Modest Kapitsa,,2.0,9,Proctor Silex Hamilton Beach
85564700301,96550605,Elated Wonderful Meninsky,,6.0,9,Warehouse
4391756406,96320084,Elated Vigorous Leavitt,,1.0,9,Wahl Clipper Corp
2233317291,96880042,Jovial Thirsty Brown,,4.0,9,Proctor Silex Hamilton Beach
61124737306,96881640,Adoring Competent Wing,,1.0,9,Green Mountain Coffee
7410820702,96321187,Focused Jovial Brattain,7410836453,4.0,9,Conair
81157202763,96882345,Friendly Gracious Wing,,6.0,9,Sodastream Gxo
2233362509,96881226,Elastic Serene Meitner,,4.0,9,Proctor Silex Hamilton Beach
2233348138,96880539,Musing Youthful Sinoussi,,2.0,9,Proctor Silex Hamilton Beach
4009451180,96882955,Mystifying Pedantic Raman,,2.0,9,Proctor Silex-Hamilto
88632334970,96882890,Clever Sleepy Mahavira,,3.0,9,Tdc Usa Inc
76131820050,96321226,Adoring Condescending Mcclintock,,1.0,9,Vidal Sassoon
7410822402,96321519,Cocky Stoic Lewin,,4.0,9,Conair
76131800474,96320377,Elegant Optimistic Payne,,1.0,9,Vidal Sassoon
76131820052,96320458,Compassionate Hungry Wozniak,,3.0,9,Vidal Sassoon
76131805034,96320961,Peaceful Romantic Mayer,,1.0,9,Vidal Sassoon
76131820051,96321111,Clever Reverent Kilby,,1.0,9,Vidal Sassoon
7878677773,96830673,Laughing Relaxed Cori,,6.0,9,Holloway House
7459050793,96320767,Elated Optimistic Jackson,,1.0,9,Spectrum
2233325218,96882939,Eager Elated Bhaskara,,1.0,9,Proctor Silex Hamilton Beach
74825280525,96320563,Compassionate Xenodochial Bohr,,1.0,9,Kms
2233375224,96880791,Gracious Loving Kirch,,2.0,9,Proctor Silex Hamilton Beach
4009433156,96880000,Jovial Objective Clarke,,1.0,9,Proctor Silex-Hamilto
7410815196,96320212,Laughing Priceless Almeida,,1.0,9,Conair
4391755374,96320270,Elegant Zen Agnesi,,1.0,9,Wahl Clipper Corp
2233372500,96881242,Hungry Pedantic Kirch,,6.0,9,Proctor Silex Hamilton Beach
76131800408,96320814,Clever Cranky Banach,,1.0,9,Vidal Sassoon
84113310443,96310372,Blissful Loving Kowalevski,,6.0,9,Midwest Trading Group
4878902225,96820589,Angry Silly Wilson,,24.0,9,Royal Oak Enterprises Llc
4878904546,96820597,Romantic Serene Khorana,,24.0,9,Royal Oak Enterprises Llc
3825770619,96624365,Laughing Relaxed Fermi,,2.0,9,Hanesbrands Inc Sock Div
2233393314,96881357,Vigorous Wizardly Edison,,2.0,9,Proctor Silex Hamilton Beach
2233349961,96883692,Eloquent Peaceful Cori,,2.0,9,Proctor Silex-Hamilto
2233325440,96884486,Thirsty Xenodochial Banach,,2.0,9,Proctor Silex-Hamilto
84113311280,96502262,Gallant Tender Hopper,,6.0,9,Midwest Trading Group
81044702157,96505456,Distracted Wizardly Jones,,5.0,9,Shawshank Ledz Inc
2233380402,96881771,Affectionate Heuristic Easley,,2.0,9,Proctor Silex Hamilton Beach
4009450167,96880961,Goofy Practical Albattani,,2.0,9,Proctor Silex-Hamilto
88632334969,96882882,Compassionate Cranky Pasteur,,4.0,9,Tdc Usa Inc
2233326090,96881438,Nostalgic Practical Sinoussi,,2.0,9,Proctor Silex Hamilton Beach
88632334061,96880830,Optimistic Stupefied Stonebraker,,8.0,9,Tdc Usa Inc
3825770618,96624357,Goofy Reverent Archimedes,,2.0,9,Hanesbrands Inc Sock Div
4009437516,96881933,Gifted Wonderful Payne,,1.0,9,Proctor Silex-Hamilto
4009425409,96880589,Epic Naughty Brahmagupta,,2.0,9,Proctor Silex-Hamilto
2233331122,96881789,Nostalgic Objective Golick,,1.0,9,Proctor Silex Hamilton Beach
7457065109,96881789,Nostalgic Objective Golick,,1.0,,Proctor Silex Hamilton Beach
2233343501,96881187,Condescending Happy Kilby,,2.0,9,Proctor Silex Hamilton Beach
88632332982,96321640,Gifted Nostalgic Hoover,,12.0,9,Tdc Usa Inc
4009470450,96881315,Heuristic Tender Dijkstra,,1.0,9,Proctor Silex-Hamilto
4009449465,96883341,Hardcore Xenodochial Feynman,,2.0,9,Proctor Silex-Hamilto
4009478214,96880385,Affectionate Inspiring Elion,,4.0,9,Proctor Silex-Hamilto
7984193171,96320597,Keen Upbeat Swartz,,1.0,9,Legacy Whse Paris Kentucky
72583507554,94251580,Blissful Modest Neumann,,12.0,9,Creative Home & Kitchen
85954700446,96840115,Sleepy Youthful Poincare,,6.0,9,Scrub Daddy Inc
5114136995,96152473,Admiring Romantic Austin,7630841291,6.0,9,3M Co
4119026683,96226264,Practical Priceless Jackson,,6.0,9,Acadian Crossing
84035000376,96228119,Keen Nervous Jennings,,1.0,9,Cube Packaging Solutions Inc
74938490304,96370005,Condescending Quizzical Kilby,5209285373,19.0,9,Jiffy Foil
7289410019,96470237,Happy Vigilant Aryabhata,,3.0,9,John Ritzenthaler Co
84897414252,96297605,Hopeful Infallible Kirch,,2.0,9,Core Bamboo
3700026151,107471040,Confident Zen Snyder,,12.0,10,L&R Distributors
7631430203,103650359,Cocky Objective Khorana,,3.0,10,Glaxosmithkline
31254742755,107036727,Dreamy Ecstatic Panini,,6.0,10,J&J Consumer Inc
7124931884,107255151,Competent Quizzical Almeida,,2.0,10,Loreal Consumer Products
84399200050,107226063,Inspiring Nostalgic Bartik,,1.0,10,Renaissance Beauty Inc
7431207961,107081861,Compassionate Sleepy Fermi,,3.0,10,Nhs Us Llc
7124923011,107164782,Hardcore Nervous Bohr,,,,None
1150904312,107320100,Keen Peaceful Swartz,,3.0,10,Combe Inc.
7431213430,107088130,Competent Vibrant Mendeleev,,3.0,10,Nhs Us Llc
3680031646,107292569,Eloquent Priceless Yonath,,2.0,10,Topco Assoc Inc
2616903625,107471414,Happy Musing Proskuriakova,,12.0,10,L&R Distributors
84399207038,107227247,Objective Tender Edison,,1.0,10,Renaissance Beauty Inc
84009311472,107091824,Elated Zealous Goodall,,3.0,10,Piping Rock Health Products
85815800503,103653535,Awesome Serene Clarke,,3.0,10,Olly Public Benefit Corp
7830009923,107301350,Gifted Romantic Raman,7830002688,3.0,10,Playtex Products
7050106963,107257365,Eager Serene Shannon,,3.0,10,J&J Consumer Inc
7560921110,107265415,Competent Inspiring Volhard,,3.0,10,Procter & Gamble Beauty
4119041296,107265415,Competent Inspiring Volhard,,3.0,,Procter & Gamble Beauty
7940026094,107271262,Silly Xenodochial Benz,,6.0,10,Unilever Hpc Usa
7940026093,107271945,Clever Fervent Ramanujan,,12.0,10,Unilever Hpc Usa
1204404089,107273125,Competent Cranky Jang,1204404287,3.0,10,Procter & Gamble Beauty
3700094479,107273222,Determined Friendly Meitner,,6.0,10,Procter & Gamble Beauty
63165660380,107181417,Competent Nifty Tesla,,2.0,10,Iovate Health Sciences
74982657948,107182065,Inspiring Nifty Curran,74982657950,2.0,10,Worldwide Sport Nutritional
84399203022,107225863,Flamboyant Zen Wozniak,,1.0,10,Renaissance Beauty Inc
30045044909,107047613,Romantic Zealous Roentgen,,6.0,10,J&J Consumer Inc
30045020690,107050802,Confident Keen Noether,,4.0,10,J&J Consumer Inc
7007467724,103601619,Distracted Upbeat Montalcini,,1.0,10,Ross Labs
7214000638,103620079,Kind Practical Chatterjee,,6.0,10,Beiersdorf/Futuro
7830006982,107291377,Objective Practical Chebyshev,,4.0,10,Playtex Products
7124922791,107254511,Gracious Peaceful Agnesi,,2.0,10,Loreal Consumer Products
3680035944,107142617,Cocky Stupefied Northcutt,3680039531,3.0,10,Topco Premier Brand Of America
60308424604,107164685,Dreamy Sad Hugle,60308407325,3.0,10,Loreal Consumer Products
7502009348,107105110,Relaxed Youthful Goodall,7502010087,1.0,10,Philips Consumer Products
3700075467,107112036,Vibrant Zealous Swanson,,8.0,10,Procter & Gamble Beauty
4119022937,107112361,Awesome Priceless Swartz,,12.0,10,Nice Pak Consumer Products
3600048750,107112476,Happy Unruffled Thompson,,8.0,10,Kimberly Clark
3700075536,107112484,Sharp Thirsty Keller,,8.0,10,Procter & Gamble Beauty
3680077033,107124415,Musing Reverent Mahavira,,6.0,10,Topco Assoc Inc
30065143307,107130898,Agitated Amazing Lichterman,,6.0,10,Alcon Laboratories Co Acosta
30065151006,107131129,Clever Epic Shtern,,4.0,10,Alcon Laboratories Co Acosta
7094230239,107020328,Heuristic Kind Brahmagupta,,6.0,10,Sunstar Americas Inc
3700008987,107031109,Compassionate Jovial Hawking,,6.0,10,Procter & Gamble Beauty
63460800041,130362570,Blissful Friendly Snyder,,5.0,13,North Coast Seafoods
24830700000,130355820,Eloquent Hungry Easley,,18.0,13,Wakefern Fisheries
20820000000,130355110,Heuristic Vibrant Swirles,,35.0,13,Levittown Seafood
75831700407,130363490,Silly Vigorous Engelbart,,75.0,13,Oregon Cedar Grill Outdoor Gou
29858200000,130356810,Competent Elastic Bhaskara,,30.0,13,Garbo Lobsters
4119047316,130364640,Awesome Nostalgic Ritchie,,12.0,13,United Seafood Enterprises
4119047315,130364470,Elated Happy Neumann,,12.0,13,United Seafood Enterprises
20828900000,130358300,Brave Competent Vaughan,,10.0,13,Ocean Richseafood
63460800067,130358500,Romantic Zealous Knuth,,12.0,13,North Coast Seafoods
63460800083,130358490,Hardcore Stupefied Tereshkova,,12.0,13,North Coast Seafoods
7929690102,130358810,Gifted Thirsty Tesla,,12.0,13,Trident Seafoods Corp
9006400332,130358810,Gifted Thirsty Tesla,,12.0,,Trident Seafoods Corp
63460800066,130356480,Laughing Zen Mccarthy,,12.0,13,North Coast Seafoods
24856100000,130364970,Dreamy Inspiring Pike,,4.0,13,Wakefern Fisheries
20829300000,130358320,Angry Dreamy Chebyshev,,10.0,13,Ocean Richseafood
24831600000,130362710,Cranky Quirky Blackwell,,20.0,13,North Coast Seafoods
7343500004,146710441,Laughing Optimistic Brahmagupta,,12.0,14,Kings'S Hawaiian
4119046755,160306410,Amazing Sad Ramanujan,,20.0,16,Kreider Farms
4470006647,160329900,Gracious Modest Hamilton,,12.0,16,Kraft
3450042063,160031460,Lucid Nostalgic Haibt,,14.0,16,Land O Lakes
4300004608,160606300,Inspiring Practical Beaver,,6.0,16,Kraft
7835431151,160318600,Eager Naughty Fermat,,6.0,16,Cabot Farmers
2898910070,160318600,Eager Naughty Fermat,,6.0,,Cabot Farmers
4410015620,160313300,Peaceful Suspicious Ritchie,,6.0,16,H.P. Hood
85556921064,160614210,Agitated Trusting Benz,85556921068,16.0,16,Perfect Bar Llc
3663202081,160626000,Angry Nervous Jepsen,,6.0,16,Danone Inc Llc
500029515644,160631600,Blissful Nervous Elion,500029515643,11.0,16,United Natural Foods Inc
81829001149,160607190,Festive Lucid Torvalds,,12.0,16,Agro Farma Inc
3663203742,160608340,Happy Jolly Galileo,,12.0,16,Danone Inc Llc
4119046921,160627530,Inspiring Practical Hugle,,12.0,16,Great Lakes
85392300250,160602430,Practical Quirky Lewin,85392300255,12.0,16,United Natural Foods Inc
85407400600,160632360,Cocky Nostalgic Stonebraker,,12.0,16,United Natural Foods Inc
87797700012,160634200,Awesome Eager Poitras,,12.0,16,United Natural Foods Inc
3338396076,160634200,Awesome Eager Poitras,,12.0,,United Natural Foods Inc
87797700009,160634210,Gracious Vigorous Northcutt,,12.0,16,United Natural Foods Inc
19785700000,160636360,Practical Vibrant Williams,,12.0,16,Tropicana Products
85556921005,160637530,Competent Laughing Benz,85556921007,16.0,16,Perfect Bar Llc
3663203828,160615220,Clever Practical Darwin,,12.0,16,Danone Inc Llc
74447300010,160621200,Hardcore Nifty Lumiere,,12.0,16,Danone Inc Llc
7047016486,160623420,Condescending Ecstatic Sinoussi,,8.0,16,General Mills/Colombo/Yoplait
4410010492,160624820,Adoring Blissful Stallman,,6.0,16,H.P. Hood
1707724706,160328560,Agitated Loving Lamport,1707724724,4.0,16,Lifeway Foods Inc
3160014500,160328560,Agitated Loving Lamport,1707724724,4.0,,Lifeway Foods Inc
85138700741,160801720,Priceless Silly Heisenberg,,10.0,16,Vital Farms
85407400619,160629700,Elastic Zealous Shaw,,12.0,16,United Natural Foods Inc
81002977017,160630530,Dreamy Optimistic Lumiere,,6.0,16,United Natural Foods Inc
3663203931,160609640,Elegant Practical Jennings,,6.0,16,Danone Inc Llc
27778600000,180339210,Elastic Hungry Bassi,3000375295,6.0,18,Great Lakes Cheese Co
27776700000,180339220,Dreamy Wizardly Bardeen,339220,6.0,18,Lactalis Usa
27773700000,180338760,Peaceful Suspicious Jackson,3450048107,6.0,18,Land O Lakes
27774500000,180338770,Dreamy Elastic Johnson,3450048108,6.0,18,Land O Lakes
27774200000,180338750,Musing Wonderful Hawking,4119017012,6.0,18,Great Lakes Cheese Co
27774100000,180338740,Eager Epic Engelbart,4119017010,6.0,18,Great Lakes Cheese Co
20763200000,180336100,Keen Mystifying Blackwell,2265591291,2.0,18,Butterball Llc
20807900000,180335230,Boring Suspicious Lamport,3150637602,2.0,18,D&W Prod
20745700000,180336590,Naughty Silly Tereshkova,4530029333,2.0,18,Armour-Eckrich Meats Llc
20808100000,180335830,Nervous Peaceful Lamarr,3150637802,2.0,18,D&W Prod
20809600000,180337310,Affectionate Elated Minsky,2781518001,3.0,18,Armour-Eckrich Meats Llc
27775900000,180338880,Elated Peaceful Mclean,65872803000,2.0,18,Great Lakes Cheese Co
20740300000,180335000,Frosty Keen Villani,6903591304,4.0,18,Glenrock
20809200000,180337370,Epic Youthful Hamilton,2781518002,3.0,18,Armour-Eckrich Meats Llc
27757100000,180339040,Quizzical Zealous Benz,4119021014,2.0,18,Great Lakes Cheese Co
27756300000,180339000,Flamboyant Stupefied Neumann,73654702119,1.0,18,Emmi Gerber Cheese Co Inc
20811000000,180336420,Blissful Elegant Turing,3150663522,2.0,18,D&W Prod
20765800000,180338500,Cocky Xenodochial Yonath,7495619304,4.0,18,Conagra Deli
27744800000,180339110,Boring Naughty Mirzakhani,703801015701,2.0,18,Norseland Inc
20810800000,180336520,Goofy Musing Bassi,3150661612,2.0,18,D&W Prod
20756000000,180337440,Naughty Sharp Villani,3760014400,4.0,18,Hormel
3000339963,180341430,Elastic Modest Jackson,63000339963,12.0,18,Great Lakes Cheese Co Inc
27762800000,180396160,Nostalgic Vigilant Mcclintock,2540004133,1.0,18,Lactalis Usa
20808900000,180336880,Awesome Eloquent Shannon,2781518000,4.0,18,Armour-Eckrich Meats Llc
20807400000,180335220,Hopeful Thirsty Ride,3150637501,1.0,18,D&W Prod
20807600000,180336310,Festive Stoic Sammet,3150637202,2.0,18,D&W Prod
20745200000,180336570,Nervous Quirky Kowalevski,7846510381,2.0,18,Russer
7144830093,180201330,Elastic Jovial Easley,,6.0,18,Savencia Cheese Usa Llc
20807100000,180335670,Cocky Hungry Brahmagupta,3150637301,1.0,18,D&W Prod
20760100000,180395970,Epic Objective Mcclintock,3503200427,2.0,18,Citterio Usa Corp
20807300000,180335190,Clever Sleepy Babbage,3000337704,2.0,18,D&W Prod
85408600720,180402810,Fervent Hopeful Hermann,,10.0,18,Veroni Usa Inc
4119046838,180360410,Clever Relaxed Murdock,84692900081,8.0,18,Restaurant Row Kitchens
27765700000,180339190,Relaxed Suspicious Hypatia,65485890114,1.0,18,Arla Foods Inc
72492345100,180407350,Fervent Naughty Bose,72492345196,6.0,18,John William Macys Cheesestick
72492310100,180409000,Hopeful Musing Brown,,12.0,18,John William Macys Cheesestick
72492310100,180348320,Amazing Objective Pike,,12.0,18,John William Macys Cheesestick
72492345100,180348350,Priceless Tender Hopper,72492345196,6.0,18,John William Macys Cheesestick
7274500129,210948480,Happy Wonderful Shaw,7274504073,14.0,21,Perdue Farms Inc
7274500127,210948470,Awesome Quizzical Jepsen,7274504072,14.0,21,Perdue Farms Inc
7274500165,210948500,Boring Thirsty Vaughan,7274504165,14.0,21,Perdue Farms Inc
18685200161,210948500,Boring Thirsty Vaughan,7274504165,14.0,,Perdue Farms Inc
70405170103,210970460,Ecstatic Vibrant Elbakyan,,6.0,21,John Morrell
29856100000,225013197,Competent Vigilant Booth,,36.0,22,United Seafood Enterprise Lp
21976100000,225011496,Gallant Zen Liskov,,10.0,22,United Seafood Enterprise Lp
29856000000,225011454,Compassionate Eloquent Clarke,,30.0,22,Pierce Seafood
21975200000,225011420,Compassionate Confident Edison,,10.0,22,United Seafood Enterprise Lp
21961900000,225011137,Cranky Wonderful Easley,,10.0,22,United Seafood Enterprise Lp
29855300000,225012159,Boring Quirky Feynman,,15.0,22,Hilo Fish Co
29863500000,225002104,Eloquent Nifty Archimedes,,10.0,22,United Seafood Enterprise Lp
21973000000,225010254,Tender Thirsty Mayer,,10.0,22,United Seafood Enterprise Lp
24888400000,225015945,Flamboyant Nostalgic Einstein,81052103002,24.0,22,Pierce Seafood
20843900000,225010490,Nervous Silly Brahmagupta,,36.0,22,Atlantic Fish And Seafood
21960900000,225010678,Cocky Jovial Minsky,,5.0,22,United Seafood Enterprise Lp
4173720801,225010678,Cocky Jovial Minsky,,5.0,,United Seafood Enterprise Lp
4119047266,225012264,Jolly Trusting Kapitsa,,20.0,22,United Seafood Enterprise Lp
21962200000,225010783,Amazing Eloquent Shannon,,5.0,22,United Seafood Enterprise Lp
24855200000,225001386,Epic Peaceful Pasteur,2802927210,25.0,22,Trident Seafoods Corp
24855300000,225001263,Relaxed Romantic Elion,,22.0,22,Redfishco
24888200000,225001483,Cranky Stoic Villani,786210060402,18.0,22,Seafood Exchange Of Florida
4119047031,225011747,Objective Quizzical Swanson,,20.0,22,United Seafood Enterprise Lp
20823700000,225010652,Agitated Jolly Mcnulty,,25.0,22,Pacific Coast Seafood
24884700000,225016315,Dazzling Pensive Jennings,,1.0,22,Pierce Seafood
21732700000,225007667,Goofy Hopeful Bhabha,,5.0,22,Choice Canning Co Inc
4119047515,225003419,Relaxed Thirsty Visvesvaraya,,12.0,22,Atlantic Capes Fisheries Inc
85002010318,225003689,Quizzical Sleepy Lamarr,,,,None
4119047458,225012955,Frosty Inspiring Chaplygin,,20.0,22,United Seafood Enterprise Lp
21977700000,225000738,Brave Confident Easley,,10.0,22,Direct Source Seafood Llc
24853400000,225011844,Angry Pensive Stallman,,10.0,22,Aquastar Inc C/O Trst Crp
21734800000,225007706,Jolly Vigorous Perlman,,5.0,22,Choice Canning Co Inc
1650059581,225007706,Jolly Vigorous Perlman,,5.0,,Choice Canning Co Inc
21736400000,225001116,Silly Stoic Mccarthy,,18.0,22,Seafood Exchange Of Florida
24853200000,225011828,Focused Youthful Allen,,5.0,22,Aquastar Inc C/O Trst Crp
21976900000,225010521,Silly Trusting Lovelace,,5.0,22,United Seafood Enterprise Lp
29854100000,225010084,Happy Tender Lamport,,20.0,22,Direct Source Seafood Llc
2575302825,225006386,Heuristic Unruffled Kalam,,12.0,22,Tampa Maid Foods
21977800000,225000699,Boring Gallant Wright,,10.0,22,Direct Source Seafood Llc
4119007330,230223380,Cocky Trusting Vaughan,,8.0,23,Cibo Vita Inc
7274582984,245022138,Stoic Zealous Bhaskara,,14.0,24,Perdue Farms
20550100000,245037523,Kind Relaxed Visvesvaraya,4530029735,4.0,24,Warehouse
20541800000,245030937,Amazing Hardcore Feynman,64220514203,2.0,24,Rocco Food Products
2370001410,246850089,Affectionate Competent Chandrasekhar,2370005473,12.0,24,Tyson Foods
20550200000,245037604,Jovial Reverent Ardinghelli,2265510101,2.0,24,Butterball Llc
7274580471,245022528,Flamboyant Hopeful Brown,,8.0,24,Perdue Farms
85998706151,245021849,Affectionate Laughing Villani,,12.0,24,Lawrence Wholesale
2370004653,245023427,Friendly Vibrant Dubinsky,,8.0,24,Tyson Foods
81669702114,245021700,Condescending Happy Keller,,8.0,24,Impossible Foods Inc
70463994004,245027293,Dreamy Goofy Raman,,8.0,24,Porky Products
70463996002,245027219,Eloquent Modest Lovelace,,12.0,24,Porky Products
4119041236,246800149,Reverent Sad Noether,,4.0,24,Priz Foods Inc
7362100233,312000860,Goofy Priceless Meninsky,7362104233,12.0,31,Pez Candy
7241201006,315612894,Eloquent Stupefied Jones,,12.0,31,Mizkan Americas Inc
4119007598,310415093,Compassionate Epic Torvalds,,12.0,31,Mission Foods
3915600013,310070089,Brave Ecstatic Bohr,,12.0,31,Louisiana Fish Fry Products
5210057410,315985051,Elated Objective Hawking,,12.0,31,Mccormick
81921502089,311380754,Gifted Vibrant Elbakyan,,3.0,31,Waterloo Sparkling Water Corp
4800171112,310760333,Agitated Thirsty Wozniak,4800171504,12.0,31,Lawry'S/ Lipton
7084400101,315654113,Inspiring Vibrant Heyrovsky,,12.0,31,Panos Brands
8870278711,310330439,Clever Friendly Fermi,,6.0,31,Unfi
7101801019,310370104,Jovial Vigilant Euclid,,12.0,31,The Leavitt Corp
85109300427,310034499,Boring Cocky Rosalind,,12.0,31,Unfi
7084400540,315680863,Ecstatic Pedantic Torvalds,7084460540,6.0,31,Panos Brands
5565360178,311701934,Objective Pensive Mccarthy,,12.0,31,Dare Foods Inc
5844986004,315782437,Eloquent Nifty Wiles,,12.0,31,Natures Path Foods Inc
880156600023,311720221,Festive Kind Golick,880156600026,8.0,31,Master Sales Company
7017715422,315630232,Hardcore Reverent Feynman,7017750647,6.0,31,Twinings-Usa
2113605046,311381116,Nostalgic Wonderful Elbakyan,,1.0,31,Unfi
4119004606,315960849,Lucid Naughty Chatterjee,,9.0,31,Wonton Food
86129700030,310013524,Elated Keen Beaver,,10.0,31,Wild Things Snacks Inc
7341604022,317400829,Inspiring Stupefied Saha,,6.0,31,Unfi
2190850935,315141005,Hungry Infallible Leavitt,2190841869,16.0,31,Small Planet Foods Llc
1480010327,315701318,Heuristic Zen Franklin,1480010329,6.0,31,Dr Pepper Snapple Group
7341619763,315733690,Affectionate Trusting Knuth,,6.0,31,Unfi
81075701000,311860225,Gallant Zealous Stonebraker,,8.0,31,Unfi
80812412441,311000273,Festive Inspiring Lumiere,,6.0,31,Sc Johnson
7030302209,310510526,Dazzling Elated Davinci,,12.0,31,Season Brand Llc
66780300005,310570267,Goofy Wonderful Meninsky,,8.0,31,Liberty Richter
4119006192,310620842,Admiring Gifted Ride,,12.0,31,Conagra
4159800075,315791834,Blissful Vibrant Shaw,,6.0,31,J.A. Wright
7231000105,315633060,Sharp Upbeat Hamilton,,6.0,31,R.C. Bigelow
60265225600,315143162,Compassionate Peaceful Northcutt,60265225283,4.0,31,Kind Llc
85210900476,315510220,Flamboyant Nostalgic Engelbart,85549600882,6.0,31,Unfi
85561100836,315580712,Dazzling Inspiring Wright,85561100837,12.0,31,Unfi
8983618523,315605627,Eager Modest Kare,,3.0,31,Frontier Natural Products Coop
67017111233,315609744,Confident Focused Goldstine,,6.0,31,Unfi
85834400544,311381166,Brave Lucid Lumiere,85834400550,12.0,31,Unfi
6647900002,311381190,Modest Trusting Keller,6647900010,12.0,31,Clearly Food & Beverage Co Llc
7236842435,310661961,Practical Vigorous Wright,,6.0,31,Unfi
7341654260,310741614,Brave Stoic Fermi,,6.0,31,Unfi
7225102007,310742034,Gracious Jovial Golick,7225102066,12.0,31,Quaker Oats
5165109236,310371621,Competent Keen Booth,,6.0,31,Hain Foods
7022750002,310402537,Friendly Jovial Poincare,,12.0,31,Unfi
85110000317,310101725,Admiring Focused Villani,,8.0,31,Junkless Foods
2190812405,310102072,Distracted Unruffled Sinoussi,,10.0,31,Small Planet Foods Llc
1660000005,310131225,Goofy Stoic Hamilton,1660000153,6.0,31,Dr Pepper Snapple Group
3384400208,310231473,Modest Vigilant Albattani,3384480208,8.0,31,Unfi
3384400251,310231774,Eloquent Gracious Bell,3384480251,8.0,31,Unfi
4195300192,310271261,Gracious Nervous Payne,4195300191,6.0,31,Lavazza Coffees
81002167161,310034669,Amazing Reverent Bassi,,8.0,31,Unfi
7533883047,310034669,Amazing Reverent Bassi,,8.0,,Unfi
85759700327,310042947,Agitated Amazing Shtern,,8.0,31,Unfi
86620600020,310043862,Practical Serene Easley,,12.0,31,Unfi
85559600706,310060076,Clever Festive Kapitsa,,12.0,31,Unfi
4119007477,310060539,Dazzling Youthful Johnson,,8.0,31,Cibo Vita Vreeland
5210005409,310060539,Dazzling Youthful Johnson,,8.0,,Cibo Vita Vreeland
2106500044,315615119,Focused Vigilant Nightingale,,12.0,31,Master Sales Company
7518500700,410001638,Modest Zen Mcclintock,,1.0,41,Martins Famous Pastryshoppe
3168302031,410016260,Ecstatic Vigilant Goldstine,,10.0,41,Schmidt Baking Co
85358400232,410016022,Condescending Vigilant Wozniak,,1.0,41,Fbc Of Oxford Inc
2756803214,420013026,Inspiring Objective Albattani,,6.0,42,Tropical Cheese
85261400694,420018131,Kind Serene Bose,,12.0,42,Rainforest Distribution Corp
85005342349,420018489,Focused Reverent Torvalds,,12.0,42,Rainforest Distribution Corp
85005342331,420018491,Condescending Elegant Bhabha,,12.0,42,Rainforest Distribution Corp
85005342355,420018492,Pedantic Wizardly Kalam,,12.0,42,Rainforest Distribution Corp
85005342312,420018487,Confident Wizardly Shockley,,12.0,42,Rainforest Distribution Corp
86047700123,420016610,Eloquent Happy Carson,,8.0,42,Doras Natural Inc
84260511145,420013037,Modest Zealous Noyce,,6.0,42,Mcmahons Farms Inc
84260511142,420013465,Confident Kind Varahamihira,,6.0,42,Mcmahons Farms Inc
85261400648,420014509,Jolly Nostalgic Roentgen,,12.0,42,Rainforest Distribution Corp
9214533599,420015503,Fervent Relaxed Almeida,,12.0,42,Mcmahons Farms Inc
9214533600,420015504,Affectionate Pensive Franklin,,12.0,42,Mcmahons Farms Inc
9214533608,420015509,Stoic Vigorous Mirzakhani,,12.0,42,Mcmahons Farms Inc
85729000576,430015705,Hardcore Sad Bhabha,,6.0,43,Mcmahons Farms Inc - Local
7572050356,440080087,Brave Gallant Sammet,,1.0,44,Nestle Waters Na Inc
4400007469,440160143,Admiring Mystifying Neumann,,12.0,44,Mondelez Global Llc
61300873515,440095956,Laughing Vigilant Mestorf,,12.0,44,Az Metro Distirbutors Llc
61300871930,440050555,Gracious Hardcore Khorana,,24.0,44,Az Metro Distirbutors Llc
4133102052,440035468,Jolly Laughing Payne,,24.0,44,Goya Food Inc.
4400000488,440043188,Hungry Modest Perlman,,12.0,44,Mondelez Global Llc
7165311588,440043188,Hungry Modest Perlman,,12.0,,Mondelez Global Llc
86000921080,440164053,Agitated Angry Northcutt,,10.0,44,Chex Finer Foods
8390000597,440079730,Cocky Vigilant Curran,,12.0,44,Liberty Coca-Cola Beverages
1200000017,440000722,Ecstatic Eloquent Shirley,,1.0,44,Pepsi Cola
4400007378,440160458,Amazing Priceless Hugle,,12.0,44,Mondelez Global Llc
75752805092,440166606,Goofy Stupefied Dijkstra,,1.0,44,Stroehmann / Maier'S
2840000022,440010845,Laughing Quirky Keller,,24.0,44,Frito Lay Inc
5200005301,440167708,Gifted Stoic Wiles,,12.0,44,Pepsi Cola
68117053010,440144849,Serene Upbeat Hodgkin,,12.0,44,Paramount Foods Llc
86000035290,440151760,Elastic Gracious Cray,,12.0,44,Rainforest Distribution Corp
20721700000,490018667,Affectionate Sad Brattain,,1.0,49,Dugan Provisions Co
20730600000,490018564,Flamboyant Stupefied Kilby,,1.0,49,Dugan Provisions Co
26927300000,490035709,Tender Upbeat Kilby,,1.0,49,Acme Corp Distribution Center
26926400000,490035700,Brave Sleepy Newton,,1.0,49,Acme Corp Distribution Center
26924800000,490035687,Laughing Pedantic Mclean,,1.0,49,Acme Corp Distribution Center
20721400000,490018664,Laughing Zen Stonebraker,,1.0,49,Dugan Provisions Co
20731400000,490018572,Ecstatic Frosty Mirzakhani,,1.0,49,Dugan Provisions Co
26925400000,490035692,Confident Stupefied Jepsen,,1.0,49,Acme Corp Distribution Center
26923500000,490035677,Cocky Silly Kilby,,1.0,49,Acme Corp Distribution Center
26922300000,490035668,Condescending Cranky Pike,,1.0,49,Acme Corp Distribution Center
26925500000,490035693,Peaceful Quizzical Jang,,1.0,49,Acme Corp Distribution Center
26924100000,490035681,Nifty Youthful Mestorf,,1.0,49,Acme Corp Distribution Center
20721600000,490018666,Amazing Ecstatic Hawking,,1.0,49,Dugan Provisions Co
7630891395,490018666,Amazing Ecstatic Hawking,,1.0,,Dugan Provisions Co
26922100000,490035738,Gifted Infallible Pare,,1.0,49,Acme Corp Distribution Center
23650200000,490018616,Competent Stupefied Goodall,,1.0,49,Dugan Provisions Co
23650700000,490018621,Frosty Zen Tesla,,1.0,49,Dugan Provisions Co
23652000000,490018634,Mystifying Zen Goodall,,1.0,49,Dugan Provisions Co
23652900000,490018643,Elated Gifted Bose,,2.0,49,Dugan Provisions Co
23650600000,490018620,Boring Youthful Torvalds,,1.0,49,Dugan Provisions Co
7533883046,490018620,Boring Youthful Torvalds,,1.0,,Dugan Provisions Co
20721900000,490018669,Keen Priceless Mcclintock,,1.0,49,Dugan Provisions Co
20731000000,490018568,Admiring Eager Sinoussi,,1.0,49,Dugan Provisions Co
26922800000,490035723,Nervous Trusting Kalam,,1.0,49,Acme Corp Distribution Center
26922700000,490035678,Agitated Wizardly Wing,,1.0,49,Acme Corp Distribution Center
26924000000,490035719,Pensive Wizardly Turing,,1.0,49,Acme Corp Distribution Center
26923800000,490035725,Pedantic Stoic Euclid,,1.0,49,Acme Corp Distribution Center
26922400000,490035669,Distracted Quirky Brown,,1.0,49,Acme Corp Distribution Center
26924600000,490035685,Elegant Gallant Liskov,,1.0,49,Acme Corp Distribution Center
20727900000,490018729,Hungry Vigorous Franklin,,1.0,49,Dugan Provisions Co
26926300000,490035699,Amazing Nifty Thompson,,1.0,49,Acme Corp Distribution Center
22417300000,490037889,Jolly Upbeat Nobel,,1.0,49,Acme Corp Distribution Center
20726500000,490018715,Compassionate Eager Carson,,1.0,49,Dugan Provisions Co
20722100000,490018671,Kind Relaxed Almeida,,1.0,49,Dugan Provisions Co
26923400000,490035676,Fervent Gracious Mahavira,,1.0,49,Acme Corp Distribution Center
23650000000,490018614,Eloquent Happy Hypatia,,2.0,49,Dugan Provisions Co
20721500000,490018665,Agitated Serene Kalam,,1.0,49,Dugan Provisions Co
26923100000,490035673,Laughing Pensive Kowalevski,,1.0,49,Acme Corp Distribution Center
26922200000,490035739,Epic Heuristic Mahavira,,1.0,49,Acme Corp Distribution Center
26927600000,490035712,Jovial Practical Mayer,,1.0,49,Acme Corp Distribution Center
20732200000,490018579,Quirky Sleepy Khorana,,1.0,49,Dugan Provisions Co
22421200000,490037890,Blissful Focused Elbakyan,,1.0,49,Acme Corp Distribution Center
26923000000,490035672,Brave Kind Ride,,1.0,49,Acme Corp Distribution Center
26924700000,490035686,Inspiring Nifty Goldberg,,1.0,49,Acme Corp Distribution Center
26923600000,490035679,Eager Wizardly Murdock,,1.0,49,Acme Corp Distribution Center
26924300000,490035683,Boring Stupefied Aryabhata,,1.0,49,Acme Corp Distribution Center
22416800000,490037888,Awesome Inspiring Ardinghelli,,1.0,49,Acme Corp Distribution Center
26924900000,490035688,Nervous Serene Blackwell,,1.0,49,Acme Corp Distribution Center
23651300000,490018627,Eager Nervous Bose,,1.0,49,Dugan Provisions Co
20728200000,490018732,Angry Sharp Ptolemy,,1.0,49,Dugan Provisions Co
85103500366,490018732,Angry Sharp Ptolemy,,1.0,,Dugan Provisions Co
26927200000,490035708,Lucid Zealous Aryabhata,,1.0,49,Acme Corp Distribution Center
26925100000,490035690,Festive Inspiring Tesla,,1.0,49,Acme Corp Distribution Center
26925800000,490035696,Elated Hardcore Shannon,,1.0,49,Acme Corp Distribution Center
26923200000,490035674,Condescending Youthful Proskuriakova,,1.0,49,Acme Corp Distribution Center
20723300000,490018683,Friendly Happy Wright,,1.0,49,Dugan Provisions Co
26927400000,490035710,Clever Elegant Brown,,1.0,49,Acme Corp Distribution Center
26925700000,490035695,Suspicious Wonderful Poitras,,1.0,49,Acme Corp Distribution Center
26923900000,490035680,Modest Optimistic Roentgen,,1.0,49,Acme Corp Distribution Center
26925300000,490035721,Kind Serene Panini,,1.0,49,Acme Corp Distribution Center
26926500000,490035701,Awesome Priceless Ardinghelli,,1.0,49,Acme Corp Distribution Center
26926800000,490035704,Priceless Zealous Lovelace,,1.0,49,Acme Corp Distribution Center
26924400000,490035684,Gifted Wizardly Bohr,,1.0,49,Acme Corp Distribution Center
26924200000,490035682,Distracted Vibrant Keldysh,,1.0,49,Acme Corp Distribution Center
26922000000,490035740,Brave Festive Jang,,1.0,49,Acme Corp Distribution Center
25505800000,490037409,Epic Focused Lewin,,1.0,49,Acme Corp Distribution Center
22412200000,490037886,Determined Sad Ritchie,,1.0,49,Acme Corp Distribution Center
26925000000,490035689,Brave Sharp Golick,,1.0,49,Acme Corp Distribution Center
25872400000,490034723,Eager Youthful Allen,,1.0,49,Acme Corp Distribution Center
25872600000,490034725,Gifted Gracious Zhukovsky,,1.0,49,Acme Corp Distribution Center
25873100000,490034738,Elegant Sad Lamport,,1.0,49,Acme Corp Distribution Center
25897800000,490034796,Dreamy Upbeat Mirzakhani,,1.0,49,Acme Corp Distribution Center
25972400000,520011723,Cocky Sleepy Curran,,1.0,52,Acme Corp Distribution Center
25914300000,520011565,Amazing Serene Rosalind,,1.0,52,Acme Corp Distribution Center
25470300000,520012540,Stoic Stupefied Kapitsa,,1.0,52,Acme Corp Distribution Center
26938600000,520011815,Distracted Thirsty Lumiere,,1.0,52,Acme Corp Distribution Center
25470200000,520012538,Epic Infallible Saha,,1.0,52,Acme Corp Distribution Center
25470400000,520012542,Musing Suspicious Lewin,,1.0,52,Acme Corp Distribution Center
25972300000,520011717,Inspiring Suspicious Fermat,,1.0,52,Acme Corp Distribution Center
21657600000,520010569,Lucid Pedantic Meitner,,1.0,52,Acme Corp Distribution Center
21599900000,590003271,Hardcore Nifty Swirles,,1.0,59,Acme Corp Distribution Center
21188300000,590003314,Focused Loving Allen,,1.0,59,Acme Corp Distribution Center
21187900000,590003310,Pedantic Trusting Newton,,1.0,59,Acme Corp Distribution Center
21632600000,590003602,Adoring Compassionate Gates,,1.0,59,Acme Corp Distribution Center
21187500000,590003307,Dreamy Jolly Swirles,,1.0,59,Acme Corp Distribution Center
21184800000,590003268,Heuristic Sad Shirley,,1.0,59,Acme Corp Distribution Center
26929500000,590004591,Agitated Keen Perlman,,1.0,59,Acme Corp Distribution Center
21187300000,590003319,Goofy Pedantic Carson,,1.0,59,Acme Corp Distribution Center
21632000000,590003596,Elastic Infallible Lumiere,,1.0,59,Acme Corp Distribution Center
21187800000,590003309,Awesome Elegant Montalcini,,1.0,59,Acme Corp Distribution Center
21187200000,590003306,Determined Laughing Chaplygin,,1.0,59,Acme Corp Distribution Center
21188000000,590003311,Agitated Kind Poitras,,1.0,59,Acme Corp Distribution Center
25945600000,590004542,Elastic Nifty Wright,,1.0,59,Acme Corp Distribution Center
21187600000,590003308,Focused Unruffled Shockley,,1.0,59,Acme Corp Distribution Center
26929300000,590004589,Quirky Serene Galileo,,1.0,59,Acme Corp Distribution Center
81471901534,600023223,Jolly Thirsty Babbage,,1.0,60,Paramount Foods Llc
18525500053,600032792,Epic Hardcore Galileo,,4.0,60,Paramount Foods Llc
18525500052,600032795,Cranky Hardcore Curran,,4.0,60,Paramount Foods Llc
81471901538,600023136,Awesome Cranky Poincare,,1.0,60,Paramount Foods Llc
25971800000,600034702,Fervent Stoic Volhard,,1.0,60,Acme Corp Distribution Center
81011101023,600012374,Confident Laughing Hermann,,1.0,60,Paramount Foods Llc
25971400000,600034701,Ecstatic Nostalgic Raman,,1.0,60,Acme Corp Distribution Center
18525500054,600032794,Determined Optimistic Chandrasekhar,,4.0,60,Paramount Foods Llc
21289900000,600029104,Affectionate Quizzical Mclean,,1.0,60,Acme Corp Distribution Center
81011101122,600016447,Elegant Epic Jang,,1.0,60,Paramount Foods Llc
81471901511,600023155,Fervent Flamboyant Bohr,,1.0,60,Paramount Foods Llc
25769900000,600034200,Elegant Nostalgic Kilby,,1.0,60,Acme Corp Distribution Center
25971900000,600034703,Festive Vigilant Lichterman,,1.0,60,Acme Corp Distribution Center
7675319801,600034703,Festive Vigilant Lichterman,,1.0,,Acme Corp Distribution Center
81011101052,600012704,Happy Nostalgic Babbage,,1.0,60,Paramount Foods Llc
81011101027,600012378,Mystifying Relaxed Leakey,,1.0,60,Paramount Foods Llc
81011101104,600012853,Adoring Vigilant Stonebraker,,1.0,60,Paramount Foods Llc
21246400000,600029007,Quizzical Stupefied Bose,,1.0,60,Acme Corp Distribution Center
81011101103,600012852,Dazzling Vigorous Noether,,1.0,60,Paramount Foods Llc
7667705905,600012852,Dazzling Vigorous Noether,,1.0,,Paramount Foods Llc
81011101026,600012377,Brave Friendly Sinoussi,,1.0,60,Paramount Foods Llc
81011101128,600016453,Keen Wonderful Payne,,1.0,60,Paramount Foods Llc
25779700000,600033498,Confident Friendly Hamilton,,1.0,60,Acme Corp Distribution Center
23944000000,600035994,Admiring Kind Beaver,,1.0,60,Acme Corp Distribution Center
81471901517,600023154,Hardcore Sharp Swartz,,1.0,60,Paramount Foods Llc
21247700000,600029008,Friendly Mystifying Kilby,,1.0,60,Acme Corp Distribution Center
25972100000,600034704,Agitated Awesome Shannon,,1.0,60,Acme Corp Distribution Center
81471901516,600023167,Eloquent Pedantic Perlman,,1.0,60,Paramount Foods Llc
25971600000,600034700,Eloquent Quirky Galileo,,1.0,60,Acme Corp Distribution Center
26779400000,600035002,Cocky Condescending Wing,,1.0,60,Acme Corp Distribution Center
24597400000,600031869,Loving Peaceful Poincare,,1.0,60,Acme Corp Distribution Center
25994200000,600034881,Naughty Trusting Babbage,,1.0,60,Acme Corp Distribution Center
25971100000,600034699,Cocky Dazzling Banach,,1.0,60,Acme Corp Distribution Center
25996100000,600035001,Clever Hopeful Mclean,,1.0,60,Acme Corp Distribution Center
25970400000,600034697,Confident Trusting Spence,,1.0,60,Acme Corp Distribution Center
21248300000,600029005,Hopeful Serene Noyce,,1.0,60,Acme Corp Distribution Center
21290600000,600029105,Dreamy Musing Meninsky,,1.0,60,Acme Corp Distribution Center
25915700000,600034836,Fervent Quirky Nobel,,1.0,60,Acme Corp Distribution Center
25993800000,600034877,Amazing Goofy Meitner,,1.0,60,Acme Corp Distribution Center
21248900000,600029011,Quirky Sad Jang,,1.0,60,Acme Corp Distribution Center
25970500000,600034698,Cocky Flamboyant Bhabha,,1.0,60,Acme Corp Distribution Center
21290300000,600029213,Happy Relaxed Visvesvaraya,,1.0,60,Acme Corp Distribution Center
81011101051,600012617,Infallible Vigilant Euler,,1.0,60,Paramount Foods Llc
25972200000,600034705,Pensive Priceless Curie,,1.0,60,Acme Corp Distribution Center
25994000000,600034879,Goofy Sad Williams,,1.0,60,Acme Corp Distribution Center
21290500000,600029211,Brave Upbeat Allen,,1.0,60,Acme Corp Distribution Center
18525500051,600032791,Dazzling Xenodochial Euclid,,4.0,60,Paramount Foods Llc
22749900000,610041167,Stupefied Unruffled Sinoussi,,1.0,61,Acme Corp Distribution Center
25512000000,610050721,Gallant Heuristic Euclid,85003142743,15.0,61,Intercounty Bakers
25878900000,610046620,Vibrant Vigilant Carson,,1.0,61,Paramount Bakeries Inc
27685000000,610042772,Goofy Naughty Visvesvaraya,,1.0,61,Paramount Bakeries Inc
22124000000,610051211,Pensive Sharp Keldysh,,1.0,61,Acme Corp Distribution Center
27684900000,610042771,Silly Wonderful Keldysh,,1.0,61,Paramount Bakeries Inc
21153000000,610048742,Ecstatic Wonderful Kilby,,1.0,61,Paramount Bakeries Inc
72518548846,610048742,Ecstatic Wonderful Kilby,,1.0,,Paramount Bakeries Inc
4119046728,620001282,Elated Friendly Payne,,24.0,62,Tuscan Dairy Elmhurst
8836500002,620000526,Loving Naughty Volhard,,1.0,62,Cream O Land
24995300000,640025682,Confident Flamboyant Stallman,,1.0,64,Acme Corp Distribution Center
3680047902,640025682,Confident Flamboyant Stallman,,1.0,,Acme Corp Distribution Center
28405100000,640024784,Loving Peaceful Bose,,1.0,64,Acme Corp Distribution Center
25971000000,640027893,Hardcore Jovial Kilby,,1.0,64,Acme Corp Distribution Center
24995900000,640025687,Goofy Sharp Kalam,,1.0,64,Acme Corp Distribution Center
25970800000,640027891,Goofy Upbeat Almeida,,1.0,64,Acme Corp Distribution Center
24995200000,640025669,Cranky Jovial Hodgkin,,1.0,64,Acme Corp Distribution Center
21685300000,640023105,Sad Sharp Golick,,1.0,64,Acme Corp Distribution Center
24995500000,640025685,Distracted Jolly Davinci,,1.0,64,Acme Corp Distribution Center
21105300000,640029580,Jolly Suspicious Chandrasekhar,,1.0,64,Acme Corp Distribution Center
25993100000,640028405,Hardcore Silly Mestorf,,1.0,64,Acme Corp Distribution Center
28407500000,640024782,Flamboyant Kind Johnson,,1.0,64,Acme Corp Distribution Center
25885300000,640027935,Lucid Zen Leakey,,1.0,64,Acme Corp Distribution Center
21453400000,640019502,Eloquent Romantic Mayer,,1.0,64,Acme Corp Distribution Center
21202900000,640020264,Happy Lucid Sinoussi,,1.0,64,Acme Corp Distribution Center
21684800000,640023101,Competent Peaceful Wilson,,1.0,64,Acme Corp Distribution Center
25970600000,640027889,Distracted Ecstatic Liskov,,1.0,64,Acme Corp Distribution Center
25950700000,640027695,Hardcore Nifty Mirzakhani,,1.0,64,Acme Corp Distribution Center
25468500000,640031177,Confident Lucid Mirzakhani,,,,None
21300800000,640020913,Fervent Infallible Swanson,,1.0,64,Acme Corp Distribution Center
21301700000,640020960,Keen Vigilant Elion,,1.0,64,Acme Corp Distribution Center
25969900000,640027884,Epic Nostalgic Rosalind,,1.0,64,Acme Corp Distribution Center
21141200000,640030606,Friendly Vigorous Montalcini,,1.0,64,Acme Corp Distribution Center
21935100000,640031143,Fervent Lucid Nightingale,,1.0,64,Acme Corp Distribution Center
21318000000,640029625,Agitated Trusting Lichterman,,1.0,64,Acme Corp Distribution Center
21204700000,640028152,Serene Wizardly Jennings,,1.0,64,Acme Corp Distribution Center
25969600000,640027936,Keen Suspicious Hermann,,1.0,64,Acme Corp Distribution Center
2073516175,640027936,Keen Suspicious Hermann,,1.0,,Acme Corp Distribution Center
24638500000,640023603,Frosty Stupefied Edison,,1.0,64,Acme Corp Distribution Center
21687600000,640023116,Elegant Tender Bhabha,,1.0,64,Acme Corp Distribution Center
21137500000,640030623,Cocky Priceless Ptolemy,,1.0,64,Acme Corp Distribution Center
21147000000,640030242,Competent Wonderful Meninsky,,1.0,64,Acme Corp Distribution Center
25986000000,640028109,Amazing Compassionate Stonebraker,,1.0,64,Acme Corp Distribution Center
21189300000,640020233,Optimistic Silly Lalande,,1.0,64,Acme Corp Distribution Center
22624700000,640032028,Keen Wizardly Nightingale,,1.0,64,Acme Corp Distribution Center
22652800000,640032030,Laughing Priceless Mayer,,1.0,64,Acme Corp Distribution Center
22681500000,640032032,Clever Determined Bose,,1.0,64,Acme Corp Distribution Center
26965100000,640029574,Romantic Tender Nightingale,,1.0,64,Acme Corp Distribution Center
25986900000,640028100,Objective Vigorous Stonebraker,,1.0,64,Acme Corp Distribution Center
25985700000,640028079,Hopeful Sad Noyce,,1.0,64,Acme Corp Distribution Center
25970200000,640027887,Quizzical Vigilant Shirley,,1.0,64,Acme Corp Distribution Center
28404200000,640024793,Hungry Keen Kare,,1.0,64,Acme Corp Distribution Center
21150800000,640030346,Eager Pedantic Chebyshev,,1.0,64,Acme Corp Distribution Center
21123000000,640029930,Festive Infallible Hoover,,1.0,64,Acme Corp Distribution Center
27697900000,640022216,Goofy Vibrant Varahamihira,,1.0,64,Acme Corp Distribution Center
21300400000,640020910,Epic Loving Hypatia,,1.0,64,Acme Corp Distribution Center
21343500000,640018405,Affectionate Focused Brown,,1.0,64,Acme Corp Distribution Center
21326000000,640031136,Objective Vibrant Dijkstra,,1.0,64,Acme Corp Distribution Center
25993000000,640028406,Lucid Quirky Sinoussi,,1.0,64,Acme Corp Distribution Center
24995400000,640025683,Relaxed Unruffled Panini,,1.0,64,Acme Corp Distribution Center
21140800000,640030613,Admiring Trusting Lamport,,1.0,64,Acme Corp Distribution Center
21101600000,640029741,Dazzling Hardcore Kowalevski,,1.0,64,Acme Corp Distribution Center
26965300000,640029576,Angry Vibrant Mestorf,,1.0,64,Acme Corp Distribution Center
25971500000,640027894,Kind Tender Dubinsky,,1.0,64,Acme Corp Distribution Center
21405300000,640019022,Cocky Eloquent Elion,,1.0,64,Acme Corp Distribution Center
21451400000,640019482,Admiring Eloquent Yonath,,1.0,64,Acme Corp Distribution Center
21117300000,640029718,Condescending Elated Davinci,,1.0,64,Acme Corp Distribution Center
21353600000,640029344,Determined Nervous Meitner,,1.0,64,Acme Corp Distribution Center
21305400000,640029345,Sad Stoic Varahamihira,,1.0,64,Acme Corp Distribution Center
21203000000,640028154,Unruffled Zealous Turing,,1.0,64,Acme Corp Distribution Center
21219000000,640028161,Compassionate Xenodochial Kilby,,1.0,64,Acme Corp Distribution Center
25988700000,640028090,Gifted Nostalgic Hopper,,1.0,64,Acme Corp Distribution Center
25981200000,640027967,Friendly Unruffled Chatterjee,,1.0,64,Acme Corp Distribution Center
25988100000,640028033,Flamboyant Jolly Hypatia,,1.0,64,Acme Corp Distribution Center
25970900000,640027892,Focused Kind Varahamihira,,1.0,64,Acme Corp Distribution Center
25970000000,640027885,Adoring Fervent Poitras,,1.0,64,Acme Corp Distribution Center
25970100000,640027886,Jolly Thirsty Bhaskara,,1.0,64,Acme Corp Distribution Center
21685200000,640023104,Adoring Upbeat Tesla,,1.0,64,Acme Corp Distribution Center
27698000000,640022217,Hopeful Sad Heyrovsky,,1.0,64,Acme Corp Distribution Center
21300700000,640020912,Angry Pensive Lovelace,,1.0,64,Acme Corp Distribution Center
21102800000,640029792,Optimistic Stupefied Hodgkin,,1.0,64,Acme Corp Distribution Center
21101800000,640029813,Clever Flamboyant Booth,,1.0,64,Acme Corp Distribution Center
21314400000,640029624,Elastic Reverent Golick,,1.0,64,Acme Corp Distribution Center
26906300000,640028566,Reverent Stupefied Snyder,,1.0,64,Acme Corp Distribution Center
25986300000,640028120,Festive Frosty Hugle,,1.0,64,Acme Corp Distribution Center
25970700000,640027890,Amazing Brave Jackson,,1.0,64,Acme Corp Distribution Center
116361787,640022049,Tender Zealous Davinci,,1.0,64,Acme Corp Distribution Center
21218500000,640020388,Admiring Epic Bose,,1.0,64,Acme Corp Distribution Center
25956900000,640027840,Modest Objective Shtern,,1.0,64,Acme Corp Distribution Center
21686000000,640023109,Ecstatic Sad Knuth,,1.0,64,Acme Corp Distribution Center
21686800000,640023092,Friendly Lucid Hermann,,1.0,64,Acme Corp Distribution Center
21106100000,640029745,Boring Unruffled Aryabhata,,1.0,64,Acme Corp Distribution Center
26966900000,640029747,Cocky Distracted Payne,,1.0,64,Acme Corp Distribution Center
25989000000,640028105,Infallible Sad Roentgen,,1.0,64,Acme Corp Distribution Center
25885400000,640027934,Gracious Tender Kepler,,1.0,64,Acme Corp Distribution Center
25970300000,640027888,Elegant Stupefied Elbakyan,,1.0,64,Acme Corp Distribution Center
26920700000,640028900,Inspiring Mystifying Clarke,,1.0,64,Acme Corp Distribution Center
25987800000,640028037,Admiring Jolly Clarke,,1.0,64,Acme Corp Distribution Center
21402000000,640030275,Gifted Suspicious Euclid,,1.0,64,Acme Corp Distribution Center
26966100000,640029848,Gracious Sad Kirch,,1.0,64,Acme Corp Distribution Center
26937200000,640028945,Agitated Upbeat Austin,,5.0,64,Acme Corp Distribution Center
26907200000,640028575,Mystifying Thirsty Curie,,1.0,64,Acme Corp Distribution Center
25992700000,640028129,Epic Gifted Wescoff,,1.0,64,Acme Corp Distribution Center
21590800000,640028132,Practical Stupefied Dijkstra,,1.0,64,Acme Corp Distribution Center
25985400000,640028085,Elated Stoic Pike,,1.0,64,Acme Corp Distribution Center
25969800000,640027883,Focused Optimistic Cori,,1.0,64,Acme Corp Distribution Center
28400500000,640024404,Keen Laughing Johnson,,1.0,64,Acme Corp Distribution Center
21685100000,640023103,Adoring Amazing Brahmagupta,,1.0,64,Acme Corp Distribution Center
21219400000,640020396,Quizzical Reverent Allen,,1.0,64,Acme Corp Distribution Center
21189400000,640020234,Trusting Upbeat Jang,,1.0,64,Acme Corp Distribution Center
21201900000,640020243,Boring Jovial Pare,,1.0,64,Acme Corp Distribution Center
21203100000,640020244,Cranky Dreamy Curran,,1.0,64,Acme Corp Distribution Center
21203300000,640020246,Angry Kind Aryabhata,,1.0,64,Acme Corp Distribution Center
21204000000,640020255,Modest Vibrant Raman,,1.0,64,Acme Corp Distribution Center
21202700000,640020263,Pensive Suspicious Poitras,,1.0,64,Acme Corp Distribution Center
25988400000,640028118,Kind Objective Hodgkin,,1.0,64,Acme Corp Distribution Center
25964800000,640027830,Gifted Hardcore Kirch,,1.0,64,Acme Corp Distribution Center
21130100000,640030003,Gallant Optimistic Cori,,1.0,64,Acme Corp Distribution Center
26963700000,640029579,Adoring Focused Raman,,1.0,64,Acme Corp Distribution Center
21685900000,640023108,Infallible Zealous Johnson,,1.0,64,Acme Corp Distribution Center
21686900000,640022947,Mystifying Silly Borg,,1.0,64,Acme Corp Distribution Center
21139600000,640030460,Clever Naughty Shtern,,1.0,64,Acme Corp Distribution Center
21117700000,640029736,Practical Stupefied Spence,,1.0,64,Acme Corp Distribution Center
26937000000,640028943,Cocky Trusting Chaplygin,,5.0,64,Acme Corp Distribution Center
25986600000,640028097,Boring Vigorous Murdock,,1.0,64,Acme Corp Distribution Center
25987500000,640028040,Keen Relaxed Wozniak,,1.0,64,Acme Corp Distribution Center
21404800000,640031142,Priceless Zealous Jang,,1.0,64,Acme Corp Distribution Center
21102000000,640030311,Inspiring Suspicious Hawking,,1.0,64,Acme Corp Distribution Center
21315700000,640028618,Dreamy Frosty Brattain,,1.0,64,Acme Corp Distribution Center
21324100000,640028621,Confident Hardcore Euclid,,1.0,64,Acme Corp Distribution Center
25980400000,640027966,Heuristic Vigilant Haibt,,1.0,64,Acme Corp Distribution Center
21336400000,640018334,Angry Vigilant Einstein,,1.0,64,Acme Corp Distribution Center
21687100000,640023094,Festive Keen Aryabhata,,1.0,64,Acme Corp Distribution Center
25925700000,640027520,Peaceful Sleepy Keldysh,,1.0,64,Acme Corp Distribution Center
21123200000,640029931,Condescending Nifty Ride,,1.0,64,Acme Corp Distribution Center
27698100000,640022218,Agitated Zealous Varahamihira,,1.0,64,Acme Corp Distribution Center
113561589,640020614,Happy Xenodochial Swirles,,1.0,64,Acme Corp Distribution Center
21405100000,640019020,Affectionate Distracted Easley,,1.0,64,Acme Corp Distribution Center
27950000000,788606591,Heuristic Priceless Mccarthy,88768667559,360.0,78,South Coast Baking Co
27949900000,788606583,Cocky Eager Mayer,88768667516,360.0,78,South Coast Baking Co
27950100000,788606606,Boring Lucid Babbage,88768667564,360.0,78,South Coast Baking Co
24731500000,788155011,Admiring Dazzling Stonebraker,89916900204,120.0,78,Banneton Bakery
27852500000,788605333,Tender Thirsty Dijkstra,88768667574,300.0,78,South Coast Baking Co
24731400000,788155003,Gracious Happy Feynman,89916900208,54.0,78,Banneton Bakery
2840004379,788155003,Gracious Happy Feynman,89916900208,54.0,,Banneton Bakery
27825400000,788606842,Pedantic Reverent Bhabha,88768667550,300.0,78,South Coast Baking Co
27949800000,788606575,Elastic Zen Wing,88768667501,360.0,78,South Coast Baking Co
20882600000,788300713,Admiring Suspicious Hamilton,1123300108,6.0,78,Table Talk Pies Inc
20881300000,788300551,Boring Vigorous Knuth,1123300007,6.0,78,Table Talk Pies Inc
24731600000,788155029,Mystifying Sharp Goldberg,,80.0,78,Banneton Bakery
24731800000,788155037,Adoring Loving Vaughan,,80.0,78,Banneton Bakery
29809300000,788404494,Blissful Jovial Clarke,85000867881,6.0,78,Palermo Bakery
6305440111,788608048,Ecstatic Peaceful Raman,,12.0,78,Nustef Foods Limited
3967787315,788000038,Amazing Nostalgic Villani,,12.0,78,Wholesome Harvest Baking
29844100000,788453215,Epic Nostalgic Kapitsa,8314222726,6.0,78,Pride Gourmet Bakers
29843900000,788453053,Gallant Inspiring Varahamihira,8314222771,6.0,78,Pride Gourmet Bakers
29835000000,788404224,Jovial Silly Noether,74257420627,4.0,78,Palermo Bakery
29840700000,788453192,Hungry Zen Booth,8314222740,6.0,78,Pride Gourmet Bakers
29826400000,788453100,Amazing Hungry Borg,8314222731,6.0,78,Pride Gourmet Bakers
29810700000,788404389,Optimistic Zealous Montalcini,85000867868,6.0,78,Palermo Bakery
29836000000,788403888,Nervous Priceless Chandrasekhar,85000867800,4.0,78,Palermo Bakery
89107100146,788003565,Focused Laughing Ride,7648941464,14.0,78,Europastry Usa
29837300000,788403870,Admiring Friendly Villani,85000867813,4.0,78,Palermo Bakery
29842500000,788405911,Admiring Silly Tesla,85000867827,4.0,78,Palermo Bakery
27997200000,788004430,Optimistic Pensive Shockley,8314264517,12.0,78,Pride Gourmet Bakers
27852300000,788604955,Awesome Relaxed Curran,88768667541,300.0,78,South Coast Baking Co
27950200000,788606614,Elastic Modest Banach,88768667573,360.0,78,South Coast Baking Co
77098190807,788608878,Eager Jovial Ptolemy,,12.0,78,Give And Go Prep Fds
1951822057,880563800,Loving Serene Haibt,,13.0,88,Green Circle Growers Inc
3663207801,985865510,Angry Naughty Aryabhata,,8.0,98,Danone (Whitewave)
85000197406,985941853,Keen Laughing Williams,,8.0,98,Good Humor-Breyers
85000197457,985948368,Eager Eloquent Golick,,8.0,98,Good Humor-Breyers
74447347613,985862562,Laughing Romantic Bose,,8.0,98,Danone (Whitewave)
74447349213,985941722,Quirky Quizzical Agnesi,74447300126,6.0,98,Danone (Whitewave)
78978550013,985940946,Compassionate Upbeat Saha,,12.0,98,Nestle
81397302010,985944770,Compassionate Epic Bohr,,6.0,98,United Natural Foods Inc
7756700121,985946374,Cocky Hungry Bhaskara,,6.0,98,Good Humor-Breyers
85002805155,985948813,Competent Optimistic Heisenberg,,6.0,98,Jonny Pops Llc
4100000426,985948059,Priceless Suspicious Chandrasekhar,,8.0,98,Good Humor-Breyers
7258672102,985948211,Happy Pensive Saha,,12.0,98,J&J Snack
4100005152,985943300,Focused Jolly Jang,4100057662,8.0,98,Good Humor-Breyers
